Workbook

Sheet Diario_D
A1: N° | B1: Batalla normal | D1: Duelo | F1: Barcos | H1: Ataques | I1: Medallas | J1: Detalle | K1: Periodo | L1: Variantes | M1: ID
B2: V | C2: D | D2: V | E2: D | F2: V | G2: D
A3: 1 | B3: 2 | C3: 0 | D3: 2 | E3: 0 | F3: 0 | G3: 0 | H3: =SUM(B3:G3) -> 4 | I3: =B3*200+C3*100+D3*250+E3*100+F3*125+G3*75 -> 900 | J3: =IF(SUM(B3:G3)=0,"Sin ataques",_xlfn.CONCAT(IF(B3+C3>0,"PvP ("&B3&"-"&C3&") ",""),IF(D3+E3>0,"Duelo ("&D3&"-"&E3&") ",""),IF(F3+G3>0,"Barcos ("&F3&"-"&G3&")",""))) -> PvP (2-0) Duelo (2-0) | K3: Día | L3: 1 | M3: ="M_"&I3&"_A_"&H3&"_B_"&SUM(F3:G3) -> M_900_A_4_B_0
A4: 2 | B4: 1 | C4: 0 | D4: 2 | E4: 0 | F4: 1 | G4: 0 | H4: =SUM(B4:G4) -> 4 | I4: =B4*200+C4*100+D4*250+E4*100+F4*125+G4*75 -> 825 | J4: =IF(SUM(B4:G4)=0,"Sin ataques",_xlfn.CONCAT(IF(B4+C4>0,"PvP ("&B4&"-"&C4&") ",""),IF(D4+E4>0,"Duelo ("&D4&"-"&E4&") ",""),IF(F4+G4>0,"Barcos ("&F4&"-"&G4&")",""))) -> PvP (1-0) Duelo (2-0) Barcos (1-0) | K4: Día | L4: 1 | M4: ="M_"&I4&"_A_"&H4&"_B_"&SUM(F4:G4) -> M_825_A_4_B_1
A5: 3 | B5: 1 | C5: 0 | D5: 2 | E5: 1 | F5: 0 | G5: 0 | H5: =SUM(B5:G5) -> 4 | I5: =B5*200+C5*100+D5*250+E5*100+F5*125+G5*75 -> 800 | J5: =IF(SUM(B5:G5)=0,"Sin ataques",_xlfn.CONCAT(IF(B5+C5>0,"PvP ("&B5&"-"&C5&") ",""),IF(D5+E5>0,"Duelo ("&D5&"-"&E5&") ",""),IF(F5+G5>0,"Barcos ("&F5&"-"&G5&")",""))) -> PvP (1-0) Duelo (2-1) | K5: Día | L5: 1 | M5: ="M_"&I5&"_A_"&H5&"_B_"&SUM(F5:G5) -> M_800_A_4_B_0
A6: 4 | B6: 1 | C6: 1 | D6: 2 | E6: 0 | F6: 0 | G6: 0 | H6: =SUM(B6:G6) -> 4 | I6: =B6*200+C6*100+D6*250+E6*100+F6*125+G6*75 -> 800 | J6: =IF(SUM(B6:G6)=0,"Sin ataques",_xlfn.CONCAT(IF(B6+C6>0,"PvP ("&B6&"-"&C6&") ",""),IF(D6+E6>0,"Duelo ("&D6&"-"&E6&") ",""),IF(F6+G6>0,"Barcos ("&F6&"-"&G6&")",""))) -> PvP (1-1) Duelo (2-0) | K6: Día | L6: 1 | M6: ="M_"&I6&"_A_"&H6&"_B_"&SUM(F6:G6) -> M_800_A_4_B_0
A7: 5 | B7: 4 | C7: 0 | D7: 0 | E7: 0 | F7: 0 | G7: 0 | H7: =SUM(B7:G7) -> 4 | I7: =B7*200+C7*100+D7*250+E7*100+F7*125+G7*75 -> 800 | J7: =IF(SUM(B7:G7)=0,"Sin ataques",_xlfn.CONCAT(IF(B7+C7>0,"PvP ("&B7&"-"&C7&") ",""),IF(D7+E7>0,"Duelo ("&D7&"-"&E7&") ",""),IF(F7+G7>0,"Barcos ("&F7&"-"&G7&")",""))) -> PvP (4-0) | K7: Día | L7: 1 | M7: ="M_"&I7&"_A_"&H7&"_B_"&SUM(F7:G7) -> M_800_A_4_B_0
A8: 6 | B8: 1 | C8: 0 | D8: 2 | E8: 0 | F8: 0 | G8: 1 | H8: =SUM(B8:G8) -> 4 | I8: =B8*200+C8*100+D8*250+E8*100+F8*125+G8*75 -> 775 | J8: =IF(SUM(B8:G8)=0,"Sin ataques",_xlfn.CONCAT(IF(B8+C8>0,"PvP ("&B8&"-"&C8&") ",""),IF(D8+E8>0,"Duelo ("&D8&"-"&E8&") ",""),IF(F8+G8>0,"Barcos ("&F8&"-"&G8&")",""))) -> PvP (1-0) Duelo (2-0) Barcos (0-1) | K8: Día | L8: 1 | M8: ="M_"&I8&"_A_"&H8&"_B_"&SUM(F8:G8) -> M_775_A_4_B_1
A9: 7 | B9: 0 | C9: 0 | D9: 2 | E9: 0 | F9: 2 | G9: 0 | H9: =SUM(B9:G9) -> 4 | I9: =B9*200+C9*100+D9*250+E9*100+F9*125+G9*75 -> 750 | J9: =IF(SUM(B9:G9)=0,"Sin ataques",_xlfn.CONCAT(IF(B9+C9>0,"PvP ("&B9&"-"&C9&") ",""),IF(D9+E9>0,"Duelo ("&D9&"-"&E9&") ",""),IF(F9+G9>0,"Barcos ("&F9&"-"&G9&")",""))) -> Duelo (2-0) Barcos (2-0) | K9: Día | L9: 1 | M9: ="M_"&I9&"_A_"&H9&"_B_"&SUM(F9:G9) -> M_750_A_4_B_2
A10: 8 | B10: 0 | C10: 0 | D10: 0 | E10: 0 | F10: 0 | G10: 1 | H10: =SUM(B10:G10) -> 1 | I10: =B10*200+C10*100+D10*250+E10*100+F10*125+G10*75 -> 75 | J10: =IF(SUM(B10:G10)=0,"Sin ataques",_xlfn.CONCAT(IF(B10+C10>0,"PvP ("&B10&"-"&C10&") ",""),IF(D10+E10>0,"Duelo ("&D10&"-"&E10&") ",""),IF(F10+G10>0,"Barcos ("&F10&"-"&G10&")",""))) -> Barcos (0-1) | K10: Día | L10: 1 | M10: ="M_"&I10&"_A_"&H10&"_B_"&SUM(F10:G10) -> M_75_A_1_B_1
A11: 9 | B11: 0 | C11: 0 | D11: 2 | E11: 1 | F11: 1 | G11: 0 | H11: =SUM(B11:G11) -> 4 | I11: =B11*200+C11*100+D11*250+E11*100+F11*125+G11*75 -> 725 | J11: =IF(SUM(B11:G11)=0,"Sin ataques",_xlfn.CONCAT(IF(B11+C11>0,"PvP ("&B11&"-"&C11&") ",""),IF(D11+E11>0,"Duelo ("&D11&"-"&E11&") ",""),IF(F11+G11>0,"Barcos ("&F11&"-"&G11&")",""))) -> Duelo (2-1) Barcos (1-0) | K11: Día | L11: 1 | M11: ="M_"&I11&"_A_"&H11&"_B_"&SUM(F11:G11) -> M_725_A_4_B_1
A12: 10 | B12: 0 | C12: 1 | D12: 2 | E12: 0 | F12: 1 | G12: 0 | H12: =SUM(B12:G12) -> 4 | I12: =B12*200+C12*100+D12*250+E12*100+F12*125+G12*75 -> 725 | J12: =IF(SUM(B12:G12)=0,"Sin ataques",_xlfn.CONCAT(IF(B12+C12>0,"PvP ("&B12&"-"&C12&") ",""),IF(D12+E12>0,"Duelo ("&D12&"-"&E12&") ",""),IF(F12+G12>0,"Barcos ("&F12&"-"&G12&")",""))) -> PvP (0-1) Duelo (2-0) Barcos (1-0) | K12: Día | L12: 1 | M12: ="M_"&I12&"_A_"&H12&"_B_"&SUM(F12:G12) -> M_725_A_4_B_1
A13: 11 | B13: 3 | C13: 0 | D13: 0 | E13: 0 | F13: 1 | G13: 0 | H13: =SUM(B13:G13) -> 4 | I13: =B13*200+C13*100+D13*250+E13*100+F13*125+G13*75 -> 725 | J13: =IF(SUM(B13:G13)=0,"Sin ataques",_xlfn.CONCAT(IF(B13+C13>0,"PvP ("&B13&"-"&C13&") ",""),IF(D13+E13>0,"Duelo ("&D13&"-"&E13&") ",""),IF(F13+G13>0,"Barcos ("&F13&"-"&G13&")",""))) -> PvP (3-0) Barcos (1-0) | K13: Día | L13: 1 | M13: ="M_"&I13&"_A_"&H13&"_B_"&SUM(F13:G13) -> M_725_A_4_B_1
A14: 12 | B14: 0 | C14: 0 | D14: 2 | E14: 0 | F14: 1 | G14: 1 | H14: =SUM(B14:G14) -> 4 | I14: =B14*200+C14*100+D14*250+E14*100+F14*125+G14*75 -> 700 | J14: =IF(SUM(B14:G14)=0,"Sin ataques",_xlfn.CONCAT(IF(B14+C14>0,"PvP ("&B14&"-"&C14&") ",""),IF(D14+E14>0,"Duelo ("&D14&"-"&E14&") ",""),IF(F14+G14>0,"Barcos ("&F14&"-"&G14&")",""))) -> Duelo (2-0) Barcos (1-1) | K14: Día | L14: 1 | M14: ="M_"&I14&"_A_"&H14&"_B_"&SUM(F14:G14) -> M_700_A_4_B_2
... A112: 110 | B112: 0 | C112: 0 | D112: 0 | E112: 0 | F112: 0 | G112: 0 | H112: =SUM(B112:G112) -> 0 | I112: =B112*200+C112*100+D112*250+E112*100+F112*125+G112*75 -> 0 | J112: =IF(SUM(B112:G112)=0,"Sin ataques",_xlfn.CONCAT(IF(B112+C112>0,"PvP ("&B112&"-"&C112&") ",""),IF(D112+E112>0,"Duelo ("&D112&"-"&E112&") ",""),IF(F112+G112>0,"Barcos ("&F112&"-"&G112&")",""))) -> Sin ataques | K112: Día | L112: 1 | M112: ="M_"&I112&"_A_"&H112&"_B_"&SUM(F112:G112) -> M_0_A_0_B_0

Sheet Diario_C
A1: N° | B1: Medallas | C1: Ataques | D1: Barcos | E1: Detalle | F1: Periodo | G1: Variantes | H1: ID
A2: 1 | B2: =MID(H2,3,LEN(H2)-10) -> 900 | C2: =MID(H2,LEN(H2)-4,1) -> 4 | D2: =RIGHT(H2,1) -> 0 | E2: {=_xlfn.TEXTJOIN(" | ", TRUE, _xlfn._xlws.FILTER(Diario_D!$J$2:$J$1000, Diario_D!$M$2:$M$1000=H2, ""))} -> PvP (2-0) Duelo (2-0) | F2: Día | G2: =COUNTIF(Diario_D!$M$3:$M$112,H2) -> 1 | H2: {=_xlfn.UNIQUE(Diario_D!M3:M112)} -> M_900_A_4_B_0
A3: 2 | B3: =MID(H3,3,LEN(H3)-10) -> 825 | C3: =MID(H3,LEN(H3)-4,1) -> 4 | D3: =RIGHT(H3,1) -> 1 | E3: {=_xlfn.TEXTJOIN(" | ", TRUE, _xlfn._xlws.FILTER(Diario_D!$J$2:$J$1000, Diario_D!$M$2:$M$1000=H3, ""))} -> PvP (1-0) Duelo (2-0) Barcos (1-0) | F3: Día | G3: =COUNTIF(Diario_D!$M$3:$M$112,H3) -> 1 | H3: M_825_A_4_B_1
A4: 3 | B4: =MID(H4,3,LEN(H4)-10) -> 800 | C4: =MID(H4,LEN(H4)-4,1) -> 4 | D4: =RIGHT(H4,1) -> 0 | E4: {=_xlfn.TEXTJOIN(" | ", TRUE, _xlfn._xlws.FILTER(Diario_D!$J$2:$J$1000, Diario_D!$M$2:$M$1000=H4, ""))} -> PvP (1-0) Duelo (2-1) | PvP (1-1) Duelo (2-0) | PvP (4-0) | F4: Día | G4: =COUNTIF(Diario_D!$M$3:$M$112,H4) -> 3 | H4: M_800_A_4_B_0
A5: 4 | B5: =MID(H5,3,LEN(H5)-10) -> 775 | C5: =MID(H5,LEN(H5)-4,1) -> 4 | D5: =RIGHT(H5,1) -> 1 | E5: {=_xlfn.TEXTJOIN(" | ", TRUE, _xlfn._xlws.FILTER(Diario_D!$J$2:$J$1000, Diario_D!$M$2:$M$1000=H5, ""))} -> PvP (1-0) Duelo (2-0) Barcos (0-1) | F5: Día | G5: =COUNTIF(Diario_D!$M$3:$M$112,H5) -> 1 | H5: M_775_A_4_B_1
A6: 5 | B6: =MID(H6,3,LEN(H6)-10) -> 750 | C6: =MID(H6,LEN(H6)-4,1) -> 4 | D6: =RIGHT(H6,1) -> 2 | E6: {=_xlfn.TEXTJOIN(" | ", TRUE, _xlfn._xlws.FILTER(Diario_D!$J$2:$J$1000, Diario_D!$M$2:$M$1000=H6, ""))} -> Duelo (2-0) Barcos (2-0) | F6: Día | G6: =COUNTIF(Diario_D!$M$3:$M$112,H6) -> 1 | H6: M_750_A_4_B_2
A7: 6 | B7: =MID(H7,3,LEN(H7)-10) -> 75 | C7: =MID(H7,LEN(H7)-4,1) -> 1 | D7: =RIGHT(H7,1) -> 1 | E7: {=_xlfn.TEXTJOIN(" | ", TRUE, _xlfn._xlws.FILTER(Diario_D!$J$2:$J$1000, Diario_D!$M$2:$M$1000=H7, ""))} -> Barcos (0-1) | F7: Día | G7: =COUNTIF(Diario_D!$M$3:$M$112,H7) -> 1 | H7: M_75_A_1_B_1
A8: 7 | B8: =MID(H8,3,LEN(H8)-10) -> 725 | C8: =MID(H8,LEN(H8)-4,1) -> 4 | D8: =RIGHT(H8,1) -> 1 | E8: {=_xlfn.TEXTJOIN(" | ", TRUE, _xlfn._xlws.FILTER(Diario_D!$J$2:$J$1000, Diario_D!$M$2:$M$1000=H8, ""))} -> Duelo (2-1) Barcos (1-0) | PvP (0-1) Duelo (2-0) Barcos (1-0) | PvP (3-0) Barcos (1-0) | F8: Día | G8: =COUNTIF(Diario_D!$M$3:$M$112,H8) -> 3 | H8: M_725_A_4_B_1
A9: 8 | B9: =MID(H9,3,LEN(H9)-10) -> 700 | C9: =MID(H9,LEN(H9)-4,1) -> 4 | D9: =RIGHT(H9,1) -> 2 | E9: {=_xlfn.TEXTJOIN(" | ", TRUE, _xlfn._xlws.FILTER(Diario_D!$J$2:$J$1000, Diario_D!$M$2:$M$1000=H9, ""))} -> Duelo (2-0) Barcos (1-1) | F9: Día | G9: =COUNTIF(Diario_D!$M$3:$M$112,H9) -> 1 | H9: M_700_A_4_B_2
A10: 9 | B10: =MID(H10,3,LEN(H10)-10) -> 700 | C10: =MID(H10,LEN(H10)-4,1) -> 4 | D10: =RIGHT(H10,1) -> 0 | E10: {=_xlfn.TEXTJOIN(" | ", TRUE, _xlfn._xlws.FILTER(Diario_D!$J$2:$J$1000, Diario_D!$M$2:$M$1000=H10, ""))} -> PvP (0-1) Duelo (2-1) | PvP (0-2) Duelo (2-0) | PvP (3-1) | F10: Día | G10: =COUNTIF(Diario_D!$M$3:$M$112,H10) -> 3 | H10: M_700_A_4_B_0
A11: 10 | B11: =MID(H11,3,LEN(H11)-10) -> 700 | C11: =MID(H11,LEN(H11)-4,1) -> 3 | D11: =RIGHT(H11,1) -> 0 | E11: {=_xlfn.TEXTJOIN(" | ", TRUE, _xlfn._xlws.FILTER(Diario_D!$J$2:$J$1000, Diario_D!$M$2:$M$1000=H11, ""))} -> PvP (1-0) Duelo (2-0) | F11: Día | G11: =COUNTIF(Diario_D!$M$3:$M$112,H11) -> 1 | H11: M_700_A_3_B_0
A12: 11 | B12: =MID(H12,3,LEN(H12)-10) -> 675 | C12: =MID(H12,LEN(H12)-4,1) -> 4 | D12: =RIGHT(H12,1) -> 1 | E12: {=_xlfn.TEXTJOIN(" | ", TRUE, _xlfn._xlws.FILTER(Diario_D!$J$2:$J$1000, Diario_D!$M$2:$M$1000=H12, ""))} -> Duelo (2-1) Barcos (0-1) | PvP (0-1) Duelo (2-0) Barcos (0-1) | PvP (3-0) Barcos (0-1) | F12: Día | G12: =COUNTIF(Diario_D!$M$3:$M$112,H12) -> 3 | H12: M_675_A_4_B_1
A13: 12 | B13: =MID(H13,3,LEN(H13)-10) -> 650 | C13: =MID(H13,LEN(H13)-4,1) -> 4 | D13: =RIGHT(H13,1) -> 2 | E13: {=_xlfn.TEXTJOIN(" | ", TRUE, _xlfn._xlws.FILTER(Diario_D!$J$2:$J$1000, Diario_D!$M$2:$M$1000=H13, ""))} -> Duelo (2-0) Barcos (0-2) | PvP (2-0) Barcos (2-0) | F13: Día | G13: =COUNTIF(Diario_D!$M$3:$M$112,H13) -> 2 | H13: M_650_A_4_B_2
A14: 13 | B14: =MID(H14,3,LEN(H14)-10) -> 650 | C14: =MID(H14,LEN(H14)-4,1) -> 4 | D14: =RIGHT(H14,1) -> 0 | E14: {=_xlfn.TEXTJOIN(" | ", TRUE, _xlfn._xlws.FILTER(Diario_D!$J$2:$J$1000, Diario_D!$M$2:$M$1000=H14, ""))} -> PvP (1-0) Duelo (1-2) | F14: Día | G14: =COUNTIF(Diario_D!$M$3:$M$112,H14) -> 1 | H14: M_650_A_4_B_0
... A78: 77 | B78: =MID(H78,3,LEN(H78)-10) -> 0 | C78: =MID(H78,LEN(H78)-4,1) -> 0 | D78: =RIGHT(H78,1) -> 0 | E78: {=_xlfn.TEXTJOIN(" | ", TRUE, _xlfn._xlws.FILTER(Diario_D!$J$2:$J$1000, Diario_D!$M$2:$M$1000=H78, ""))} -> Sin ataques | F78: Día | G78: =COUNTIF(Diario_D!$M$3:$M$112,H78) -> 1 | H78: M_0_A_0_B_0
